/*
PRIORITY
*/
INSERT INTO `priority` (`id_priority`,`ds_priority`,`enable_priority`) VALUES (14,'A',1);
INSERT INTO `priority` (`id_priority`,`ds_priority`,`enable_priority`) VALUES (15,'B',1);
INSERT INTO `priority` (`id_priority`,`ds_priority`,`enable_priority`) VALUES (16,'C',1);

/*
POSITION
*/
INSERT INTO `position` (`id_position`,`ds_position`,`enable_position`) VALUES (1,'Confirmed',1);
INSERT INTO `position` (`id_position`,`ds_position`,`enable_position`) VALUES (2,'Shadowed',1);
INSERT INTO `position` (`id_position`,`ds_position`,`enable_position`) VALUES (3,'Cancelled',1);


/*
ONBOARDING
*/
INSERT INTO `onboarding` (`id_onboarding`,`ds_onboarding`,`enable_onboarding`) VALUES (1,'Yes',1);
INSERT INTO `onboarding` (`id_onboarding`,`ds_onboarding`,`enable_onboarding`) VALUES (2,'No',1);


/*
LOCATION
*/
INSERT INTO `location` (`id_location`,`ds_location`,`enable_location`) VALUES (27,'AR/CABA/Laminar',1);
INSERT INTO `location` (`id_location`,`ds_location`,`enable_location`) VALUES (28,'AR/CABA/SouthPark',1);
INSERT INTO `location` (`id_location`,`ds_location`,`enable_location`) VALUES (29,'AR/CABA/NorthPark',1);
INSERT INTO `location` (`id_location`,`ds_location`,`enable_location`) VALUES (30,'AR/CABA/JPMC',1);
INSERT INTO `location` (`id_location`,`ds_location`,`enable_location`) VALUES (31,'UK/London/CT',1);


/*
CANDIDATE STATUS
*/
INSERT INTO `candidate_status` (`id_candidate_status`,`ds_candidate_status`,`enable_candidate_status`) VALUES (1,'Confirmed',1);
INSERT INTO `candidate_status` (`id_candidate_status`,`ds_candidate_status`,`enable_candidate_status`) VALUES (2,'Screening',1);
INSERT INTO `candidate_status` (`id_candidate_status`,`ds_candidate_status`,`enable_candidate_status`) VALUES (3,'Cancelled',1);
INSERT INTO `candidate_status` (`id_candidate_status`,`ds_candidate_status`,`enable_candidate_status`) VALUES (4,'On Boarding',1);
INSERT INTO `candidate_status` (`id_candidate_status`,`ds_candidate_status`,`enable_candidate_status`) VALUES (5,'Pending Staffing',1);
INSERT INTO `candidate_status` (`id_candidate_status`,`ds_candidate_status`,`enable_candidate_status`) VALUES (6,'Interviewing',1);


/*
STATUS
*/
INSERT INTO `status` (`id_status`,`ds_status`,`enable_status`) VALUES (1,'Open',1);
INSERT INTO `status` (`id_status`,`ds_status`,`enable_status`) VALUES (2,'Working',1);
INSERT INTO `status` (`id_status`,`ds_status`,`enable_status`) VALUES (3,'Cancelled',1);
INSERT INTO `status` (`id_status`,`ds_status`,`enable_status`) VALUES (4,'Closed',1);
INSERT INTO `status` (`id_status`,`ds_status`,`enable_status`) VALUES (5,'Awaiting',1);


/*
PROFILE
*/
INSERT INTO `profile` (`id_profile`,`ds_profile`,`enable_profile`) VALUES (1,'Web UI Developer',1);
INSERT INTO `profile` (`id_profile`,`ds_profile`,`enable_profile`) VALUES (2,'Python Developer',1);
INSERT INTO `profile` (`id_profile`,`ds_profile`,`enable_profile`) VALUES (3,'Java Developer',1);
INSERT INTO `profile` (`id_profile`,`ds_profile`,`enable_profile`) VALUES (4,'Backend Developer',1);
INSERT INTO `profile` (`id_profile`,`ds_profile`,`enable_profile`) VALUES (5,'DevOps',1);
INSERT INTO `profile` (`id_profile`,`ds_profile`,`enable_profile`) VALUES (6,'Bussiness Analyst',1);
INSERT INTO `profile` (`id_profile`,`ds_profile`,`enable_profile`) VALUES (7,'Agile Coach',1);


/*
SENIORITY
*/
INSERT INTO `seniority` (`id_seniority`,`ds_seniority`,`level`,`enable_seniority`) VALUES (1,'Architect',5,1);
INSERT INTO `seniority` (`id_seniority`,`ds_seniority`,`level`,`enable_seniority`) VALUES (2,'Sofware Designer',9,1);
INSERT INTO `seniority` (`id_seniority`,`ds_seniority`,`level`,`enable_seniority`) VALUES (3,'Jr',2,1);
INSERT INTO `seniority` (`id_seniority`,`ds_seniority`,`level`,`enable_seniority`) VALUES (4,'Jr Adv',6,1);
INSERT INTO `seniority` (`id_seniority`,`ds_seniority`,`level`,`enable_seniority`) VALUES (5,'SSr',3,1);
INSERT INTO `seniority` (`id_seniority`,`ds_seniority`,`level`,`enable_seniority`) VALUES (6,'SSr Adv',7,1);
INSERT INTO `seniority` (`id_seniority`,`ds_seniority`,`level`,`enable_seniority`) VALUES (7,'Sr',4,1);
INSERT INTO `seniority` (`id_seniority`,`ds_seniority`,`level`,`enable_seniority`) VALUES (8,'Sr Level 1',9,1);
INSERT INTO `seniority` (`id_seniority`,`ds_seniority`,`level`,`enable_seniority`) VALUES (9,'Sr Level 2',9,1);
INSERT INTO `seniority` (`id_seniority`,`ds_seniority`,`level`,`enable_seniority`) VALUES (10,'Sr Level 3',9,1);
INSERT INTO `seniority` (`id_seniority`,`ds_seniority`,`level`,`enable_seniority`) VALUES (11,'Lead',9,1);
INSERT INTO `seniority` (`id_seniority`,`ds_seniority`,`level`,`enable_seniority`) VALUES (12,'Level 1',9,1);
INSERT INTO `seniority` (`id_seniority`,`ds_seniority`,`level`,`enable_seniority`) VALUES (13,'Level 2',9,1);
INSERT INTO `seniority` (`id_seniority`,`ds_seniority`,`level`,`enable_seniority`) VALUES (14,'Level 3',9,1);
INSERT INTO `seniority` (`id_seniority`,`ds_seniority`,`level`,`enable_seniority`) VALUES (15,'Level 4',9,1);
INSERT INTO `seniority` (`id_seniority`,`ds_seniority`,`level`,`enable_seniority`) VALUES (16,'Level 5',9,1);
INSERT INTO `seniority` (`id_seniority`,`ds_seniority`,`level`,`enable_seniority`) VALUES (17,'Level 6',9,1);
INSERT INTO `seniority` (`id_seniority`,`ds_seniority`,`level`,`enable_seniority`) VALUES (18,'Level 7',9,1);
INSERT INTO `seniority` (`id_seniority`,`ds_seniority`,`level`,`enable_seniority`) VALUES (19,'Trainee',1,1);
INSERT INTO `seniority` (`id_seniority`,`ds_seniority`,`level`,`enable_seniority`) VALUES (20,'Trainer',9,1);

